state,district,DEI,ASS,UBS,SRS
Tripura,dhalai,0.6952838900389237,0.4881748557251496,0.35071833165136823,0.40642534575049566
Tripura,gomati,0.35589728312414,0.6947980152095357,0.4296666922174777,0.75
Tripura,khowai,0.6453662496573387,0.75,0.5162142388975439,0.5532190345182828
Tripura,north tripura,0.7270486109976751,0.49804487352354243,0.6869205496845955,0.3683969375207652
Tripura,sepahijala,0.5930731641930407,0.4977212663826115,0.25,0.5033646543844119
Tripura,south tripura,0.7906226950922568,0.34980583571544144,0.4310549304060952,0.3453447231065076
Tripura,unakoti,0.7681747941382134,0.7053152472897901,0.75,0.3731114385908424
Tripura,west tripura,0.970322237493242,0.25,0.5259553007656157,0.25
