state,district,DEI,ASS,UBS,SRS
Sikkim,gangtok,0.8296683484672721,0.25,0.25,0.5086350018496855
Sikkim,gyalshing,0.7522150819943241,0.42258620689655174,0.75,0.25
Sikkim,mangan,0.3889445546664921,0.75,0.7235456601522925,0.75
Sikkim,namchi,0.8008641067985967,0.4463793103448276,0.6219004520942273,0.5493001556621895
